[
    {
        "date_joined": "2023-02-27 13:41:30",
        "email": "superadmin@emploi.gouv.ci",
        "first_name": "",
        "id": 1,
        "is_active": 1,
        "is_staff": 1,
        "is_superuser": 1,
        "last_login": "2023-03-02 10:42:38.800702",
        "last_name": "",
        "password": "pbkdf2_sha256$390000$V3lw0o5pNsdmMktlGcltQ7$yi9FCnia3UX+YNbY9d/R612y4E97Xr7fZ5Bob2eZYcs=",
        "username": "superAdmin"
    },
    {
        "date_joined": "2023-02-28 21:01:36.352882",
        "email": "asif@dev.com",
        "first_name": "asif",
        "id": 3,
        "is_active": 1,
        "is_staff": 0,
        "is_superuser": 0,
        "last_login": "2023-02-28 21:01:50.624642",
        "last_name": "asif",
        "password": "pbkdf2_sha256$390000$0i33BQ5WKDfYKy1sY3Hx1g$VTcM9Up4lm0m54Kk+Az2W/dtVe3OujSH8x7SIQbBPME=",
        "username": "asif"
    },
    {
        "date_joined": "2023-03-01 18:27:59.383475",
        "email": "coolmcoolm999@gmail.com",
        "first_name": "",
        "id": 4,
        "is_active": 1,
        "is_staff": 0,
        "is_superuser": 0,
        "last_login": "2023-03-01 18:28:11.762955",
        "last_name": "",
        "password": "pbkdf2_sha256$390000$zwwZyUsOcdDd0DGwuC6wMK$a8VK4G0a6f68jctKmy7Sp8xKu+uYJdRC4CuXqeXPZ9c=",
        "username": "superAdmin2"
    }
]