[
    {
        "chapter_id": 0,
        "number": 1,
        "title": "Le présent décret détermine l’organisation du Cabinet Ministériel"
    },
    {
        "chapter_id": 1,
        "number": 2,
        "title": "Le Cabinet Ministériel est composé"
    },
    {
        "chapter_id": 1,
        "number": 3,
        "title": "Le poste de Directeur de Cabinet Adjoint dans un Cabinet Ministériel est créé sur autorisation du Premier Ministre"
    },
    {
        "chapter_id": 2,
        "number": 4,
        "title": "Le Cabinet Ministériel est chargé, sous l’autorité du Ministre"
    }
]