[
    {
        "expire_date": "2023-03-13 13:41:40.699309",
        "session_data": ".eJxVjMsOwiAQRf-FtSHMQAvj0r3fQHgMUjU0Ke3K-O_apAvd3nPOfQkftrX6rfPipyzOAsTpd4shPbjtIN9Du80yzW1dpih3RR60y-uc-Xk53L-DGnr91knrCIgUnYFBKxppGNFSAaLkCgMmq1gBhoLIhXOG6KCQM9HYrIMS7w-4XDdF:1pWdl6:ZbDdOzB32j7V-yU-at7Sf9KqaGj-qd9rxwHu5yEB6Is",
        "session_key": "41kz26alenu154by2xxcjepvsl8tpt6k"
    },
    {
        "expire_date": "2023-03-13 17:00:53.181199",
        "session_data": ".eJxVjMsOwiAQRf-FtSHMQAvj0r3fQHgMUjU0Ke3K-O_apAvd3nPOfQkftrX6rfPipyzOAsTpd4shPbjtIN9Du80yzW1dpih3RR60y-uc-Xk53L-DGnr91knrCIgUnYFBKxppGNFSAaLkCgMmq1gBhoLIhXOG6KCQM9HYrIMS7w-4XDdF:1pWgrt:BuZPRmksHB-FtDl_1qnYdpa1V5uPb3FeSYS2Jefk37w",
        "session_key": "haby5mh1yb6zewy4calxq026efnuddmx"
    },
    {
        "expire_date": "2023-03-15 18:28:11.775192",
        "session_data": ".eJxVjMEKwyAQRP_Fc5Gg2ag99t5vkHV3U9MWhZicQv-9CeTQwpzmvZlNRVyXHNcmc5xYXVWvLr9dQnpJOQA_sTyqplqWeUr6UPRJm75XlvftdP8OMra8rxNbcZ04AgC2jCxhGIWMIUOWnDeMQ--D8B6bDBMyYADPduyhC1Z9vhkiOQQ:1pXRBT:3vpu7G7-eISkkrOKtRhUlXHCnpVxl-5T7a-8ePIkj0E",
        "session_key": "n55wcamkkretplaff95mprcf1hmr2ana"
    },
    {
        "expire_date": "2023-03-15 18:35:36.008045",
        "session_data": ".eJxVjMsOwiAQRf-FtSHMQAvj0r3fQHgMUjU0Ke3K-O_apAvd3nPOfQkftrX6rfPipyzOAsTpd4shPbjtIN9Du80yzW1dpih3RR60y-uc-Xk53L-DGnr91knrCIgUnYFBKxppGNFSAaLkCgMmq1gBhoLIhXOG6KCQM9HYrIMS7w-4XDdF:1pXRIe:KGzM6A6WnKCx3yXHHPpOqZvcmgBd2RdD5fhuQhz2RrU",
        "session_key": "qg5rqmfzbk5sxc0iuy8hjnkbd6dmobyv"
    },
    {
        "expire_date": "2023-03-16 10:42:38.811691",
        "session_data": ".eJxVjMsOwiAQRf-FtSHMQAvj0r3fQHgMUjU0Ke3K-O_apAvd3nPOfQkftrX6rfPipyzOAsTpd4shPbjtIN9Du80yzW1dpih3RR60y-uc-Xk53L-DGnr91knrCIgUnYFBKxppGNFSAaLkCgMmq1gBhoLIhXOG6KCQM9HYrIMS7w-4XDdF:1pXgOU:Xr5m5wcZMIDVLuGac4LdxZPToBEhyM753-dIJIjtmwU",
        "session_key": "kotrfqa91kspcdsxyydsqk73pn4q34ih"
    }
]