[
    {
        "description": "Iaculis porttitor orci congue placerat pulvinar. Pharetra nullam habitant interdum fringilla netus massa consectetur suspendisse laoreet. Quam elementum placerat sapien consectetur porta. Dictum pede rhoncus lorem fames eros fringilla quis. Iaculis sed dignissim gravida tempor taciti commodo bibendum eleifend inceptos nisi.\r\n\r\nVestibulum aliquam nisi nostra bibendum fringilla tempor curabitur sapien pharetra purus. At risus torquent sapien facilisi felis sodales. Dis cursus pharetra letius ante mauris ut dolor magnis quisque eu. Faucibus quis dolor himenaeos habitant tellus velit.",
        "id": 3,
        "pdf": "PDF/decret-organisation/2023/02/27/DECRET_N째_2022-301_DU_04_MAI_2022_PORTANT_ATTRIBUTION_3sy2B0x.PDF",
        "post_created_on": "2023-02-27 15:46:36.974501",
        "post_modified_on": "2023-02-27 15:47:16.385471",
        "post_published_on": "2023-02-27 15:46:15",
        "post_status": "published",
        "slug": "decret-dorganisation-du-meps",
        "title": "Decret d'Organisation du MEPS"
    }
]