[
    {
        "content": "Dictumst litora fringilla magna odio dolor nisi nostra morbi magnis maximus. Si feugiat maecenas odio id ac posuere pretium sodales. Iaculis commodo vestibulum malesuada natoque eleifend netus. Si auctor mi hac litora metus dignissim lorem. Ultrices ligula in auctor fermentum fusce faucibus. Interdum mattis donec vulputate amet cubilia eget id. Eu egestas hac orci ornare dictum malesuada placerat ridiculus nostra nascetur.\r\n\r\nLetius venenatis parturient scelerisque vivamus auctor. Cubilia potenti ultrices per nisl massa egestas finibus faucibus venenatis nisi aliquet. Elementum vestibulum netus ut facilisi faucibus tellus a class. Tortor ante egestas dolor posuere pharetra nulla convallis.",
        "full_form_name": "Direction Générale de l'Emploi",
        "id": 1,
        "image": "images/directions/2023/02/28/CAFE-CACAO.png",
        "modified_on": "2023-02-28 16:23:21.856562",
        "published_on": "2023-02-28 15:28:24.172796",
        "short_form_name": "DGE",
        "slug": "dge",
        "status": "published"
    },
    {
        "content": "Risus volutpat morbi inceptos consectetur amet urna lobortis etiam. Suscipit class interdum mi enim natoque. Mollis a nostra duis proin nisi massa lectus. Auctor parturient ex quam et massa quisque ipsum ut pede. Penatibus inceptos duis fermentum netus potenti nunc arcu nibh purus. Vehicula massa commodo cras ultrices si elit aliquam hac semper.\r\n\r\nConsectetur est eleifend ut nisi neque sagittis praesent netus quam faucibus. Morbi interdum dis feugiat erat lacus posuere. Enim conubia porta donec mi elit montes venenatis laoreet dictumst sit sociosqu. Consectetur ut aliquam scelerisque himenaeos netus eros luctus sodales pretium diam. Tincidunt integer laoreet condimentum tellus phasellus tortor fusce. Tortor mollis natoque nulla laoreet mus hac nascetur. Nam id adipiscing aliquam netus a euismod. Semper nascetur fermentum etiam adipiscing consectetur.\r\n\r\nVivamus semper imperdiet tellus risus cursus vel si efficitur viverra conubia. Convallis feugiat semper nibh pretium interdum letius purus. Blandit aliquet habitant suspendisse senectus ornare fringilla dignissim sociosqu venenatis vel natoque. Tempus bibendum sollicitudin auctor ante penatibus. Cursus ante proin vestibulum dapibus diam lobortis vitae sagittis. Neque ipsum sodales porttitor imperdiet fusce bibendum laoreet fermentum feugiat.\r\n\r\nTempus dapibus eleifend nibh id magna in blandit nisl etiam ultricies rutrum. Montes id sit ullamcorper donec lacus nec aliquam curabitur odio porttitor turpis. Posuere class vestibulum ut tortor facilisi fermentum dis porttitor curabitur. Ut eleifend placerat natoque si vivamus nisi diam praesent habitant. Eu ultricies hac platea nunc primis lobortis proin praesent maximus. Eu fermentum tellus torquent cursus pulvinar congue phasellus rhoncus dui at. Consectetur malesuada semper nibh auctor bibendum vivamus cursus lacinia aptent lectus. Et vivamus posuere gravida per eleifend natoque aliquam nisl fusce tellus etiam.\r\n\r\nEst sodales vestibulum habitant pulvinar curabitur leo fusce magnis parturient inceptos cras. Felis tellus ultrices pulvinar praesent netus. Dapibus volutpat bibendum aliquet cras proin mus convallis sed. Fames rutrum dui sociosqu inceptos posuere proin ante letius. Montes dictumst senectus ligula est elementum cras gravida. Suscipit auctor lobortis parturient vestibulum molestie.",
        "full_form_name": "Direction Générale du Travail",
        "id": 2,
        "image": "images/directions/2023/02/28/dgt_logo.jpg",
        "modified_on": "2023-02-28 16:50:20.541363",
        "published_on": "2023-02-28 16:17:33.887266",
        "short_form_name": "DGT",
        "slug": "dgt",
        "status": "published"
    },
    {
        "content": "Risus volutpat morbi inceptos consectetur amet urna lobortis etiam. Suscipit class interdum mi enim natoque. Mollis a nostra duis proin nisi massa lectus. Auctor parturient ex quam et massa quisque ipsum ut pede. Penatibus inceptos duis fermentum netus potenti nunc arcu nibh purus. Vehicula massa commodo cras ultrices si elit aliquam hac semper.\r\n\r\nConsectetur est eleifend ut nisi neque sagittis praesent netus quam faucibus. Morbi interdum dis feugiat erat lacus posuere. Enim conubia porta donec mi elit montes venenatis laoreet dictumst sit sociosqu. Consectetur ut aliquam scelerisque himenaeos netus eros luctus sodales pretium diam. Tincidunt integer laoreet condimentum tellus phasellus tortor fusce. Tortor mollis natoque nulla laoreet mus hac nascetur. Nam id adipiscing aliquam netus a euismod. Semper nascetur fermentum etiam adipiscing consectetur.\r\n\r\nVivamus semper imperdiet tellus risus cursus vel si efficitur viverra conubia. Convallis feugiat semper nibh pretium interdum letius purus. Blandit aliquet habitant suspendisse senectus ornare fringilla dignissim sociosqu venenatis vel natoque. Tempus bibendum sollicitudin auctor ante penatibus. Cursus ante proin vestibulum dapibus diam lobortis vitae sagittis. Neque ipsum sodales porttitor imperdiet fusce bibendum laoreet fermentum feugiat.\r\n\r\nTempus dapibus eleifend nibh id magna in blandit nisl etiam ultricies rutrum. Montes id sit ullamcorper donec lacus nec aliquam curabitur odio porttitor turpis. Posuere class vestibulum ut tortor facilisi fermentum dis porttitor curabitur. Ut eleifend placerat natoque si vivamus nisi diam praesent habitant. Eu ultricies hac platea nunc primis lobortis proin praesent maximus. Eu fermentum tellus torquent cursus pulvinar congue phasellus rhoncus dui at. Consectetur malesuada semper nibh auctor bibendum vivamus cursus lacinia aptent lectus. Et vivamus posuere gravida per eleifend natoque aliquam nisl fusce tellus etiam.\r\n\r\nEst sodales vestibulum habitant pulvinar curabitur leo fusce magnis parturient inceptos cras. Felis tellus ultrices pulvinar praesent netus. Dapibus volutpat bibendum aliquet cras proin mus convallis sed. Fames rutrum dui sociosqu inceptos posuere proin ante letius. Montes dictumst senectus ligula est elementum cras gravida. Suscipit auctor lobortis parturient vestibulum molestie.",
        "full_form_name": "Direction Générale de la Protection Sociale",
        "id": 3,
        "image": "images/directions/2023/02/28/drt.jpg",
        "modified_on": "2023-02-28 16:23:36.816477",
        "published_on": "2023-02-28 16:18:49.139711",
        "short_form_name": "DGPS",
        "slug": "dgps",
        "status": "published"
    }
]