[
    {
        "comment_count": 0,
        "comment_status": "opened",
        "id": 2,
        "post_author_id": 1,
        "post_content": "Curabitur scelerisque laoreet inceptos suscipit tellus rhoncus nulla. Congue integer et magnis ridiculus ex cubilia condimentum habitant lacinia maximus. Accumsan risus condimentum maecenas suscipit habitasse feugiat imperdiet. Montes inceptos ultrices si faucibus efficitur porttitor eleifend senectus libero. Ornare arcu sem turpis fames maecenas ac condimentum ad malesuada.\r\n\r\nEget hendrerit mollis dictumst torquent consectetuer nam sem. Pede eleifend penatibus arcu inceptos finibus imperdiet eu. Lacus morbi aenean eu netus urna. Dolor rhoncus dapibus ultricies elit pede himenaeos placerat nulla auctor purus. Si elementum purus lobortis mauris duis nascetur consectetuer nec interdum himenaeos. Ornare praesent dapibus aliquam pede nulla nostra. Dictumst pretium quam ex felis suscipit id faucibus. Gravida facilisi taciti augue risus libero malesuada eu tristique platea eros.",
        "post_created_on": "2023-02-27 15:21:33.189121",
        "post_image": "images/2023/02/27/CAFE-CACAO.png",
        "post_modified_on": "2023-03-05 21:16:51.361813",
        "post_place": "Abidjan",
        "post_published_on": "2023-02-27 15:20:28",
        "post_slug": "treve-sociale-consultations-des-syndicats-de-travailleurs-des-corps-de-metiers-de-cote-divoire",
        "post_status": "published",
        "post_title": "Trêve Sociale Consultations des syndicats de travailleurs des corps de métiers de Côte d'Ivoire"
    },
    {
        "comment_count": 0,
        "comment_status": "opened",
        "id": 3,
        "post_author_id": 1,
        "post_content": "Neque a fringilla donec viverra justo laoreet. Donec nulla class dictumst ut velit dignissim. Taciti leo gravida enim curabitur purus in. Diam finibus porta aptent posuere risus magna. Interdum rhoncus ligula praesent urna ultrices nulla nascetur. Ornare taciti inceptos mi nibh si.\r\n\r\nDiam efficitur habitasse scelerisque aptent maecenas hac habitant nisi metus in nec. Mattis potenti aenean netus molestie neque habitasse. Vehicula tortor erat enim mauris ullamcorper. Scelerisque maximus fringilla tempor platea sed pellentesque nisl eleifend tincidunt facilisi convallis.",
        "post_created_on": "2023-02-27 16:04:48.282307",
        "post_image": "images/2023/02/27/dit_fpqDehD.jpg",
        "post_modified_on": "2023-02-27 16:04:48.282307",
        "post_place": "Abidjan",
        "post_published_on": "2023-02-27 16:03:28",
        "post_slug": "le-cabinet",
        "post_status": "published",
        "post_title": "Le Cabinet"
    },
    {
        "comment_count": 0,
        "comment_status": "opened",
        "id": 4,
        "post_author_id": 1,
        "post_content": "Elementum nisi inceptos lectus auctor tempus nostra neque sem blandit quis fermentum. Habitasse congue vestibulum nullam lobortis quisque vulputate pulvinar senectus semper. Fusce ante bibendum egestas pede sem erat scelerisque justo tempor rhoncus. Dapibus accumsan ullamcorper lorem placerat tempor. Tempus viverra massa fames molestie finibus commodo.\r\n\r\nEgestas etiam pharetra penatibus molestie ultrices eros potenti fermentum justo cras augue. Himenaeos proin torquent laoreet ad porttitor. Id vestibulum aliquet mi parturient pellentesque dictum risus a si nullam suspendisse. Quis ante pede massa fringilla volutpat odio.\r\n\r\nFermentum sapien penatibus dolor imperdiet magna. Tortor volutpat maximus inceptos non nascetur si arcu ad potenti hendrerit facilisi. Duis ligula pellentesque si ex fermentum volutpat aptent consectetuer sociosqu malesuada. Justo tempus nisl potenti inceptos mi. Mus duis urna pellentesque rutrum lacinia consectetur pharetra. Sem pulvinar curae pharetra venenatis ridiculus nisi efficitur scelerisque ultricies id hac. Magna duis a sollicitudin accumsan interdum in litora metus class volutpat viverra.\r\n\r\nMetus hac commodo duis nisl vel quam. Dictumst felis suscipit orci morbi consequat aptent suspendisse ad dignissim in non. Cubilia auctor etiam primis suscipit nisl dignissim. Morbi curae feugiat rhoncus convallis pulvinar.\r\n\r\nInceptos tortor sociosqu duis ad velit ullamcorper mi dignissim blandit. Morbi egestas luctus sociosqu dictum imperdiet. Primis orci cursus ad mauris dignissim donec tempus amet nisi per. Congue nullam lobortis dignissim quisque litora. Aliquet gravida curae fames netus accumsan nam ullamcorper laoreet lacus commodo nisi. Ante aliquet inceptos sociosqu ad vivamus class odio.",
        "post_created_on": "2023-03-01 19:00:44.677327",
        "post_image": "images/2023/03/01/case-9.jpg",
        "post_modified_on": "2023-03-01 19:00:44.677327",
        "post_place": "Abidjan",
        "post_published_on": "2023-03-01 18:59:17",
        "post_slug": "morbi-curae-feugiat-rhoncus-convallis-pulvinar",
        "post_status": "published",
        "post_title": "Morbi curae feugiat rhoncus convallis pulvinar"
    },
    {
        "comment_count": 0,
        "comment_status": "opened",
        "id": 5,
        "post_author_id": 1,
        "post_content": "Elementum nisi inceptos lectus auctor tempus nostra neque sem blandit quis fermentum. Habitasse congue vestibulum nullam lobortis quisque vulputate pulvinar senectus semper. Fusce ante bibendum egestas pede sem erat scelerisque justo tempor rhoncus. Dapibus accumsan ullamcorper lorem placerat tempor. Tempus viverra massa fames molestie finibus commodo.\r\n\r\nEgestas etiam pharetra penatibus molestie ultrices eros potenti fermentum justo cras augue. Himenaeos proin torquent laoreet ad porttitor. Id vestibulum aliquet mi parturient pellentesque dictum risus a si nullam suspendisse. Quis ante pede massa fringilla volutpat odio.\r\n\r\nFermentum sapien penatibus dolor imperdiet magna. Tortor volutpat maximus inceptos non nascetur si arcu ad potenti hendrerit facilisi. Duis ligula pellentesque si ex fermentum volutpat aptent consectetuer sociosqu malesuada. Justo tempus nisl potenti inceptos mi. Mus duis urna pellentesque rutrum lacinia consectetur pharetra. Sem pulvinar curae pharetra venenatis ridiculus nisi efficitur scelerisque ultricies id hac. Magna duis a sollicitudin accumsan interdum in litora metus class volutpat viverra.\r\n\r\nMetus hac commodo duis nisl vel quam. Dictumst felis suscipit orci morbi consequat aptent suspendisse ad dignissim in non. Cubilia auctor etiam primis suscipit nisl dignissim. Morbi curae feugiat rhoncus convallis pulvinar.\r\n\r\nInceptos tortor sociosqu duis ad velit ullamcorper mi dignissim blandit. Morbi egestas luctus sociosqu dictum imperdiet. Primis orci cursus ad mauris dignissim donec tempus amet nisi per. Congue nullam lobortis dignissim quisque litora. Aliquet gravida curae fames netus accumsan nam ullamcorper laoreet lacus commodo nisi. Ante aliquet inceptos sociosqu ad vivamus class odio.",
        "post_created_on": "2023-03-01 19:01:18.296789",
        "post_image": "images/2023/03/01/case-2.jpg",
        "post_modified_on": "2023-03-01 19:01:18.296789",
        "post_place": "Abidjan",
        "post_published_on": "2023-03-01 19:00:44",
        "post_slug": "metus-hac-commodo-duis-nisl-vel-quam",
        "post_status": "published",
        "post_title": "Metus hac commodo duis nisl vel quam"
    },
    {
        "comment_count": 0,
        "comment_status": "opened",
        "id": 6,
        "post_author_id": 3,
        "post_content": "Elementum nisi inceptos lectus auctor tempus nostra neque sem blandit quis fermentum. Habitasse congue vestibulum nullam lobortis quisque vulputate pulvinar senectus semper. Fusce ante bibendum egestas pede sem erat scelerisque justo tempor rhoncus. Dapibus accumsan ullamcorper lorem placerat tempor. Tempus viverra massa fames molestie finibus commodo.\r\n\r\nEgestas etiam pharetra penatibus molestie ultrices eros potenti fermentum justo cras augue. Himenaeos proin torquent laoreet ad porttitor. Id vestibulum aliquet mi parturient pellentesque dictum risus a si nullam suspendisse. Quis ante pede massa fringilla volutpat odio.\r\n\r\nFermentum sapien penatibus dolor imperdiet magna. Tortor volutpat maximus inceptos non nascetur si arcu ad potenti hendrerit facilisi. Duis ligula pellentesque si ex fermentum volutpat aptent consectetuer sociosqu malesuada. Justo tempus nisl potenti inceptos mi. Mus duis urna pellentesque rutrum lacinia consectetur pharetra. Sem pulvinar curae pharetra venenatis ridiculus nisi efficitur scelerisque ultricies id hac. Magna duis a sollicitudin accumsan interdum in litora metus class volutpat viverra.\r\n\r\n\r\nInceptos tortor sociosqu duis ad velit ullamcorper mi dignissim blandit. Morbi egestas luctus sociosqu dictum imperdiet. Primis orci cursus ad mauris dignissim donec tempus amet nisi per. Congue nullam lobortis dignissim quisque litora. Aliquet gravida curae fames netus accumsan nam ullamcorper laoreet lacus commodo nisi. Ante aliquet inceptos sociosqu ad vivamus class odio.",
        "post_created_on": "2023-03-01 19:02:10.343460",
        "post_image": "images/2023/03/01/case-3.jpg",
        "post_modified_on": "2023-03-01 21:50:35.280366",
        "post_place": "Abidjan",
        "post_published_on": "2023-03-01 19:01:18",
        "post_slug": "dictumst-felis-suscipit-orci-morbi-consequat",
        "post_status": "published",
        "post_title": "Dictumst felis suscipit orci morbi consequat"
    },
    {
        "comment_count": 0,
        "comment_status": "opened",
        "id": 7,
        "post_author_id": 4,
        "post_content": "Elementum nisi inceptos lectus auctor tempus nostra neque sem blandit quis fermentum. Habitasse congue vestibulum nullam lobortis quisque vulputate pulvinar senectus semper. Fusce ante bibendum egestas pede sem erat scelerisque justo tempor rhoncus. risus a si nullam suspendisse. Quis ante pede massa fringilla volutpat odio.\r\n\r\nFermentum sapien penatibus dolor imperdiet magna. Tortor volutpat maximus inceptos non nascetur si arcu ad potenti hendrerit facilisi. Duis ligula pellentesque si ex fermentum volutpat aptent consectetuer sociosqu malesuada. Justo tempus nisl potenti inceptos mi. Mus duis urna pellentesque rutrum lacinia consectetur pharetra. Sem pulvinar curae pharetra venenatis ridiculus nisi efficitur scelerisque ultricies id hac. Magna duis a sollicitudin accumsan interdum in litora metus class volutpat viverra.\r\n\r\nMetus hac commodo duis nisl vel quam. Dictumst felis suscipit orci morbi consequat aptent suspendisse ad dignissim in non. Cubilia auctor etiam primis suscipit nisl dignissim. Morbi curae feugiat rhoncus convallis pulvinar.\r\n\r\nInceptos tortor sociosqu duis ad velit ullamcorper mi dignissim blandit. Morbi egestas luctus sociosqu dictum imperdiet. Primis orci cursus ad mauris dignissim donec tempus amet nisi per. Congue nullam lobortis dignissim quisque litora. Aliquet gravida curae fames netus accumsan nam ullamcorper laoreet lacus commodo nisi. Ante aliquet inceptos sociosqu ad vivamus class odio.",
        "post_created_on": "2023-03-01 19:02:40.272537",
        "post_image": "images/2023/03/01/case-1.jpg",
        "post_modified_on": "2023-03-05 21:17:11.831569",
        "post_place": "Abidjan",
        "post_published_on": "2023-03-01 19:02:10",
        "post_slug": "congue-nullam-lobortis-dignissim-quisque",
        "post_status": "published",
        "post_title": "Congue nullam lobortis dignissim quisque"
    },
    {
        "comment_count": 0,
        "comment_status": "opened",
        "id": 8,
        "post_author_id": 3,
        "post_content": "Elementum nisi inceptos lectus auctor tempus nostra neque sem blandit quis fermentum. Habitasse congue vestibulum nullam lobortis quisque vulputate pulvinar senectus semper. Fusce ante bibendum egestas pede sem erat scelerisque justo tempor rhoncus. Dapibus accumsan ullamcorper lorem placerat tempor. Tempus viverra massa fames molestie finibus commodo.\r\n\r\nEgestas etiam pharetra penatibus molestie ultrices eros potenti fermentum justo cras augue. Himenaeos proin torquent laoreet ad porttitor. Id vestibulum aliquet mi parturient pellentesque dictum risus a si nullam suspendisse. Quis ante pede massa fringilla volutpat odio.\r\n\r\nFermentum sapien penatibus dolor imperdiet magna. Tortor volutpat maximus inceptos non nascetur si arcu ad potenti hendrerit facilisi. Duis ligula pellentesque si ex fermentum volutpat aptent consectetuer sociosqu malesuada. Justo tempus nisl potenti inceptos mi. Mus duis urna pellentesque rutrum lacinia consectetur pharetra. Sem pulvinar curae pharetra venenatis ridiculus nisi efficitur scelerisque ultricies id hac. Magna duis a sollicitudin accumsan interdum in litora metus class volutpat viverra.\r\n\r\nMetus hac commodo duis nisl vel quam. Dictumst felis suscipit orci morbi consequat aptent suspendisse ad dignissim in non. Cubilia auctor etiam primis suscipit nisl dignissim. Morbi curae feugiat rhoncus convallis pulvinar.\r\n\r\nInceptos tortor sociosqu duis ad velit ullamcorper mi dignissim blandit. Morbi egestas luctus sociosqu dictum imperdiet. Primis orci cursus ad mauris dignissim donec tempus amet nisi per. Congue nullam lobortis dignissim quisque litora. Aliquet gravida curae fames netus accumsan nam ullamcorper laoreet lacus commodo nisi. Ante aliquet inceptos sociosqu ad vivamus class odio.",
        "post_created_on": "2023-03-01 19:03:18.019945",
        "post_image": "images/2023/03/01/case-6.jpg",
        "post_modified_on": "2023-03-01 19:03:18.020946",
        "post_place": "Abidjan",
        "post_published_on": "2023-03-01 19:02:40",
        "post_slug": "primis-orci-cursus-ad-mauris-dignissim-donec-tempus",
        "post_status": "published",
        "post_title": "Primis orci cursus ad mauris dignissim donec tempus"
    },
    {
        "comment_count": 0,
        "comment_status": "opened",
        "id": 9,
        "post_author_id": 1,
        "post_content": "Elementum nisi inceptos lectus auctor tempus nostra neque sem blandit quis fermentum. Habitasse congue vestibulum nullam lobortis quisque vulputate pulvinar senectus semper. Fusce ante bibendum egestas pede sem erat scelerisque justo tempor rhoncus. Dapibus accumsan ullamcorper lorem placerat tempor. Tempus viverra massa fames molestie finibus commodo.\r\nBonjour\r\nEgestas etiam pharetra penatibus molestie ultrices eros potenti fermentum justo cras augue. Himenaeos proin torquent laoreet ad porttitor. Id vestibulum aliquet mi parturient pellentesque dictum risus a si nullam suspendisse. Quis ante pede massa fringilla volutpat odio.\r\n\r\nFermentum sapien penatibus dolor imperdiet magna. Tortor volutpat maximus inceptos non nascetur si arcu ad potenti hendrerit facilisi. Duis ligula pellentesque si ex fermentum volutpat aptent consectetuer sociosqu malesuada. Justo tempus nisl potenti inceptos mi. Mus duis urna pellentesque rutrum lacinia consectetur pharetra. Sem pulvinar curae pharetra venenatis ridiculus nisi efficitur scelerisque ultricies id hac. Magna duis a sollicitudin accumsan interdum in litora metus class volutpat viverra.\r\n\r\nMetus hac commodo duis nisl vel quam. Dictumst felis suscipit orci morbi consequat aptent suspendisse ad dignissim in non. Cubilia auctor etiam primis suscipit nisl dignissim. Morbi curae feugiat rhoncus convallis pulvinar.\r\n\r\nInceptos tortor sociosqu duis ad velit ullamcorper mi dignissim blandit. Morbi egestas luctus sociosqu dictum imperdiet. Primis orci cursus ad mauris dignissim donec tempus amet nisi per. Congue nullam lobortis dignissim quisque litora. Aliquet gravida curae fames netus accumsan nam ullamcorper laoreet lacus commodo nisi. Ante aliquet inceptos sociosqu ad vivamus class odio.",
        "post_created_on": "2023-03-01 19:03:55.938574",
        "post_image": "images/2023/03/01/case-7.jpg",
        "post_modified_on": "2023-03-01 23:46:58.588542",
        "post_place": "Abidjan",
        "post_published_on": "2023-03-01 19:03:18",
        "post_slug": "fermentum-sapien-penatibus-dolor-imperdiet-magna",
        "post_status": "published",
        "post_title": "Fermentum sapien penatibus dolor imperdiet magna"
    },
    {
        "comment_count": 0,
        "comment_status": "opened",
        "id": 10,
        "post_author_id": 3,
        "post_content": "Le Ministre Adama KAMARA offre des fauteuils roulants, des cannes anglaises, des béquilles et des chèques aux associations et personnes en situation de handicap et les invite à souscrire à la Complémentaire, la CMU et le RSTI.\r\nEgestas etiam pharetra penatibus molestie ultrices eros potenti fermentum justo cras augue. Himenaeos proin torquent laoreet ad porttitor. Id vestibulum aliquet mi parturient pellentesque dictum risus a si nullam suspendisse. Quis ante pede massa fringilla volutpat odio.\r\n\r\nFermentum sapien penatibus dolor imperdiet magna. Tortor volutpat maximus inceptos non nascetur si arcu ad potenti hendrerit facilisi. Duis ligula pellentesque si ex fermentum volutpat aptent consectetuer sociosqu malesuada. Justo tempus nisl potenti inceptos mi. Mus duis urna pellentesque rutrum lacinia consectetur pharetra. Sem pulvinar curae pharetra venenatis ridiculus nisi efficitur scelerisque ultricies id hac. Magna duis a sollicitudin accumsan interdum in litora metus class volutpat viverra.\r\n\r\nMetus hac commodo duis nisl vel quam. Dictumst felis suscipit orci morbi consequat aptent suspendisse ad dignissim in non. Cubilia auctor etiam primis suscipit nisl dignissim. Morbi curae feugiat rhoncus convallis pulvinar.\r\n\r\nInceptos tortor sociosqu duis ad velit ullamcorper mi dignissim blandit. Morbi egestas luctus sociosqu dictum imperdiet. Primis orci cursus ad mauris dignissim donec tempus amet nisi per. Congue nullam lobortis dignissim quisque litora. Aliquet gravida curae fames netus accumsan nam ullamcorper laoreet lacus commodo nisi. Ante aliquet inceptos sociosqu ad vivamus class odio.",
        "post_created_on": "2023-03-01 19:04:35.704319",
        "post_image": "images/2023/03/01/case-8.jpg",
        "post_modified_on": "2023-03-05 21:29:54.575366",
        "post_place": "Abidjan",
        "post_published_on": "2023-03-01 19:03:56",
        "post_slug": "souscrire-a-la-complementaire-la-cmu-et-le-rst",
        "post_status": "published",
        "post_title": "Souscrire à la Complémentaire, la CMU et le RST"
    },
    {
        "comment_count": 0,
        "comment_status": "opened",
        "id": 11,
        "post_author_id": 1,
        "post_content": "Elementum nisi inceptos lectus auctor tempus nostra neque sem blandit quis fermentum. Habitasse congue vestibulum nullam lobortis quisque vulputate pulvinar senectus semper. Fusce ante bibendum egestas pede sem erat scelerisque justo tempor rhoncus. Dapibus accumsan ullamcorper lorem placerat tempor. Tempus viverra massa fames molestie finibus commodo.\r\n\r\nFermentum sapien penatibus dolor imperdiet magna. Tortor volutpat maximus inceptos non nascetur si arcu ad potenti hendrerit facilisi. Duis ligula pellentesque si ex fermentum volutpat aptent consectetuer sociosqu malesuada. Justo tempus nisl potenti inceptos mi. Mus duis urna pellentesque rutrum lacinia consectetur pharetra. Sem pulvinar curae pharetra venenatis ridiculus nisi efficitur scelerisque ultricies id hac. Magna duis a sollicitudin accumsan interdum in litora metus class volutpat viverra.\r\n\r\nMetus hac commodo duis nisl vel quam. Dictumst felis suscipit orci morbi consequat aptent suspendisse ad dignissim in non. Cubilia auctor etiam primis suscipit nisl dignissim. Morbi curae feugiat rhoncus convallis pulvinar.\r\n\r\nInceptos tortor sociosqu duis ad velit ullamcorper mi dignissim blandit. Morbi egestas luctus sociosqu dictum imperdiet. Primis orci cursus ad mauris dignissim donec tempus amet nisi per. Congue nullam lobortis dignissim quisque litora. Aliquet gravida curae fames netus accumsan nam ullamcorper laoreet lacus commodo nisi. Ante aliquet inceptos sociosqu ad vivamus class odio.",
        "post_created_on": "2023-03-01 19:05:18.447651",
        "post_image": "images/2023/03/01/case-9_OJBfYoA.jpg",
        "post_modified_on": "2023-03-01 21:49:55.579483",
        "post_place": "Abidjan",
        "post_published_on": "2023-03-01 19:04:35",
        "post_slug": "congue-nullam-lobortis-dignissim-quisque-litora",
        "post_status": "published",
        "post_title": "Congue nullam lobortis dignissim quisque litora"
    },
    {
        "comment_count": 0,
        "comment_status": "opened",
        "id": 12,
        "post_author_id": 1,
        "post_content": "Egestas etiam pharetra penatibus molestie ultrices eros potenti fermentum justo cras augue. Himenaeos proin torquent laoreet ad porttitor. Id vestibulum aliquet mi parturient pellentesque dictum risus a si nullam suspendisse. Quis ante pede massa fringilla volutpat odio.\r\n\r\nFermentum sapien penatibus dolor imperdiet magna. Tortor volutpat maximus inceptos non nascetur si arcu ad potenti hendrerit facilisi. Duis ligula pellentesque si ex fermentum volutpat aptent consectetuer sociosqu malesuada. Justo tempus nisl potenti inceptos mi. Mus duis urna pellentesque rutrum lacinia consectetur pharetra. Sem pulvinar curae pharetra venenatis ridiculus nisi efficitur scelerisque ultricies id hac. Magna duis a sollicitudin accumsan interdum in litora metus class volutpat viverra.\r\n\r\nMetus hac commodo duis nisl vel quam. Dictumst felis suscipit orci morbi consequat aptent suspendisse ad dignissim in non. Cubilia auctor etiam primis suscipit nisl dignissim. Morbi curae feugiat rhoncus convallis pulvinar.\r\n\r\nInceptos tortor sociosqu duis ad velit ullamcorper mi dignissim blandit. Morbi egestas luctus sociosqu dictum imperdiet. Primis orci cursus ad mauris dignissim donec tempus amet nisi per. Congue nullam lobortis dignissim quisque litora. Aliquet gravida curae fames netus accumsan nam ullamcorper laoreet lacus commodo nisi. Ante aliquet inceptos sociosqu ad vivamus class odio.",
        "post_created_on": "2023-03-01 19:06:02.762816",
        "post_image": "images/2023/03/01/news-2.jpg",
        "post_modified_on": "2023-03-05 21:28:35.428736",
        "post_place": "Abidjan",
        "post_published_on": "2023-03-01 19:05:18",
        "post_slug": "passation-de-charges-au-cabinet-meps-monsieur-tape-aubin-transfere-ses-competences-a-madame-coulibaly-bintou-ce-jeudi-23-juin-2022",
        "post_status": "published",
        "post_title": "Passation de charges au Cabinet MEPS : Monsieur TAPÉ Aubin transfère ses compétences à madame COULIBALY Bintou ce jeudi 23 juin 2022"
    },
    {
        "comment_count": 0,
        "comment_status": "opened",
        "id": 13,
        "post_author_id": 1,
        "post_content": "Elementum nisi inceptos lectus auctor tempus nostra neque sem blandit quis fermentum. Habitasse congue vestibulum nullam lobortis quisque vulputate pulvinar senectus semper. Fusce ante bibendum egestas pede sem erat scelerisque justo tempor rhoncus. Dapibus accumsan ullamcorper lorem placerat tempor. Tempus viverra massa fames molestie finibus commodo.\r\n\r\nEgestas etiam pharetra penatibus molestie ultrices eros potenti fermentum justo cras augue. Himenaeos proin torquent laoreet ad porttitor. Id vestibulum aliquet mi parturient pellentesque dictum risus a si nullam suspendisse. Quis ante pede massa fringilla volutpat odio.\r\n\r\nFermentum sapien penatibus dolor imperdiet magna. Tortor volutpat maximus inceptos non nascetur si arcu ad potenti hendrerit facilisi. Duis ligula pellentesque si ex fermentum volutpat aptent consectetuer sociosqu malesuada. Justo tempus nisl potenti inceptos mi. Mus duis urna pellentesque rutrum lacinia consectetur pharetra. Sem pulvinar curae pharetra venenatis ridiculus nisi efficitur scelerisque ultricies id hac. Magna duis a sollicitudin accumsan interdum in litora metus class volutpat viverra.\r\n\r\nMetus hac commodo duis nisl vel quam. Dictumst felis suscipit orci morbi consequat aptent suspendisse ad dignissim in non. Cubilia auctor etiam primis suscipit nisl dignissim. Morbi curae feugiat rhoncus convallis pulvinar.\r\n\r\nInceptos tortor sociosqu duis ad velit ullamcorper mi dignissim blandit. Morbi egestas luctus sociosqu dictum imperdiet. Primis orci cursus ad mauris dignissim donec tempus amet nisi per. Congue nullam lobortis dignissim quisque litora. Aliquet gravida curae fames netus accumsan nam ullamcorper laoreet lacus commodo nisi. Ante aliquet inceptos sociosqu ad vivamus class odio.",
        "post_created_on": "2023-03-01 19:06:46.536543",
        "post_image": "images/2023/03/01/news-single.jpg",
        "post_modified_on": "2023-03-05 21:27:58.489573",
        "post_place": "Abidjan",
        "post_published_on": "2023-03-01 19:06:02",
        "post_slug": "30eme-anniversaire-de-lstc-couplet-des-journees-scientifique-ou-journee-du-communicateur-edition-2022",
        "post_status": "published",
        "post_title": "30ème anniversaire de l'STC couplet des Journées Scientifique ou journée du communicateur, édition 2022"
    }
]