[
    {
        "DirectionDetail_id": 1,
        "description": "Class tortor condimentum amet suspendisse mauris nunc elementum luctus. Magnis interdum ipsum dui hac molestie montes cras donec inceptos. Torquent vulputate etiam litora lorem eget. Scelerisque potenti phasellus luctus purus consequat penatibus fusce neque. Ligula in conubia sit ex molestie nullam iaculis senectus. Conubia congue lectus lorem arcu cubilia. Ex quam fames faucibus sapien finibus orci lacinia ultrices est sagittis eu.\r\n\r\nVelit nulla gravida enim eros at magnis tempor taciti et rhonc\r\nClass tortor condimentum amet suspendisse mauris nunc elementum luctus. Magnis interdum ipsum dui hac molestie montes cras donec inceptos. Torquent vulputate etiam litora lorem eget. Scelerisque potenti phasellus luctus purus consequat penatibus fusce neque. Ligula in conubia sit ex molestie nullam iaculis senectus. Conubia congue lectus lorem arcu cubilia. Ex quam fames faucibus sapien finibus orci lacinia ultrices est sagittis eu.\r\n\r\nVelit nulla gravida enim eros at magnis tempor taciti et rhoncus libero. Sapien feugiat auctor praesent tristique turpis a ante elit. Maximus condimentum a habitasse accumsan taciti malesuada aptent suspendisse eu leo aliquet. Neque iaculis nulla nunc dis magna. Donec eu quis dis vivamus porta praesent consectetuer aliquet ad. Quam magnis ligula pharetra feugiat facilisi lectus volutpat bibendum.\r\n\r\nTincidunt porta ultrices natoque habitasse dolor ipsum si auctor ex litora felis. Mus egestas eu fames ligula aptent. Mattis pellentesque nascetur vel ad massa",
        "full_form_name": "DIRECTION SPE",
        "image": "images/directions/2023/02/28/dsst.jpg",
        "modified_on": "2023-02-28 15:46:42.361873",
        "published_on": "2023-02-28 15:30:03.284872",
        "short_form_name": "DSPE",
        "slug": "dspe",
        "status": "published"
    },
    {
        "DirectionDetail_id": 2,
        "description": "Accumsan nulla maximus vel viverra nascetur euismod cras. Posuere luctus quam fames rutrum montes hac. Primis curae nostra integer libero posuere nibh rhoncus. Vitae suspendisse etiam primis dictumst vulputate risus. Risus ullamcorper duis sociosqu scelerisque taciti natoque hendrerit leo ornare. Ultrices ad etiam suscipit felis curabitur.\r\n\r\nProin curabitur pharetra fusce ut hendrerit rhoncus class justo. Risus orci molestie parturient donec massa erat. Luctus lobortis consequat nunc nisl fermentum vehicula. Metus cursus sollicitudin maximus conubia mauris curae condimentum cubilia elementum. Accumsan ac etiam augue quisque cras aliquet turpis sapien duis commodo. Vulputate at suscipit amet turpis tortor non eget mattis tellus auctor.\r\n\r\nTurpis molestie laoreet faucibus maecenas diam nisi vel. Quisque tristique id imperdiet nisi ligula curabitur leo a. Natoque integer felis eros donec id cubilia duis. Sodales netus fermentum ridiculus montes dignissim velit nibh nostra convallis dapibus lorem.\r\n\r\nEget interdum risus consectetuer sit pede egestas quam primis mi. Fames tristique sapien inceptos integer nunc dictum dui. Curae imperdiet dignissim maximus potenti morbi a. Sapien curabitur conubia iaculis sit amet vestibulum enim tellus. Blandit nascetur a dictumst efficitur class dolor. Ipsum orci nascetur accumsan elit penatibus tempus. Ipsum euismod dictumst nisl pharetra adipiscing. Convallis phasellus aptent pellentesque congue imperdiet.\r\n\r\nPenatibus netus laoreet nostra pede letius. Phasellus ultrices netus sociosqu fusce mus. Volutpat litora enim inceptos mauris nec ultricies venenatis curae maecenas a nostra. Luctus lobortis netus scelerisque tempor eu enim iaculis cursus consectetuer porttitor. At sem potenti consectetur vivamus cursus convallis laoreet adipiscing cubilia elementum.",
        "full_form_name": "Direction de l'Observatoire de l'Emploi et des Metiers",
        "image": "images/directions/2023/02/28/dit.jpg",
        "modified_on": "2023-02-28 16:29:59.423626",
        "published_on": "2023-02-28 16:29:59.422199",
        "short_form_name": "D.O.E.M",
        "slug": "doem",
        "status": "published"
    },
    {
        "DirectionDetail_id": 3,
        "description": "Accumsan nulla maximus vel viverra nascetur euismod cras. Posuere luctus quam fames rutrum montes hac. Primis curae nostra integer libero posuere nibh rhoncus. Vitae suspendisse etiam primis dictumst vulputate risus. Risus ullamcorper duis sociosqu scelerisque taciti natoque hendrerit leo ornare. Ultrices ad etiam suscipit felis curabitur.\r\n\r\nProin curabitur pharetra fusce ut hendrerit rhoncus class justo. Risus orci molestie parturient donec massa erat. Luctus lobortis consequat nunc nisl fermentum vehicula. Metus cursus sollicitudin maximus conubia mauris curae condimentum cubilia elementum. Accumsan ac etiam augue quisque cras aliquet turpis sapien duis commodo. Vulputate at suscipit amet turpis tortor non eget mattis tellus auctor.\r\n\r\nTurpis molestie laoreet faucibus maecenas diam nisi vel. Quisque tristique id imperdiet nisi ligula curabitur leo a. Natoque integer felis eros donec id cubilia duis. Sodales netus fermentum ridiculus montes dignissim velit nibh nostra convallis dapibus lorem.\r\n\r\nEget interdum risus consectetuer sit pede egestas quam primis mi. Fames tristique sapien inceptos integer nunc dictum dui. Curae imperdiet dignissim maximus potenti morbi a. Sapien curabitur conubia iaculis sit amet vestibulum enim tellus. Blandit nascetur a dictumst efficitur class dolor. Ipsum orci nascetur accumsan elit penatibus tempus. Ipsum euismod dictumst nisl pharetra adipiscing. Convallis phasellus aptent pellentesque congue imperdiet.\r\n\r\nPenatibus netus laoreet nostra pede letius. Phasellus ultrices netus sociosqu fusce mus. Volutpat litora enim inceptos mauris nec ultricies venenatis curae maecenas a nostra. Luctus lobortis netus scelerisque tempor eu enim iaculis cursus consectetuer porttitor. At sem potenti consectetur vivamus cursus convallis laoreet adipiscing cubilia elementum.",
        "full_form_name": "Direction du Suivi et Evaluation de la Politique de l’Emploi.",
        "image": "images/directions/2023/02/28/CAFE-CACAO_Cf3zoDk.png",
        "modified_on": "2023-02-28 16:31:10.002305",
        "published_on": "2023-02-28 16:31:10.002305",
        "short_form_name": "D.S.E.P.E",
        "slug": "dsepe",
        "status": "published"
    },
    {
        "DirectionDetail_id": 4,
        "description": "Montes fermentum scelerisque aliquam lobortis cras arcu dolor morbi iaculis. Mattis suspendisse leo lacus nibh facilisis laoreet duis gravida purus elementum. Donec etiam accumsan consectetuer himenaeos ac. Vulputate tellus himenaeos orci condimentum rutrum donec fames aliquam. Lobortis id rutrum placerat pharetra fringilla proin. Rhoncus si bibendum maecenas aenean ac turpis nullam donec. Ornare in nulla hendrerit rutrum tortor vivamus quis donec lectus rhoncus.\r\n\r\nUt gravida vivamus posuere vehicula dapibus. Semper congue montes leo rhoncus turpis iaculis massa praesent. Arcu aptent elementum ligula rhoncus maecenas pulvinar purus odio sed. Rhoncus diam mollis dolor ex at accumsan inceptos cras. Sollicitudin tincidunt mollis condimentum ligula viverra enim quis. Laoreet sem faucibus venenatis lorem habitasse proin justo.\r\n\r\nEget conubia placerat elementum habitant neque dictumst nam. Ullamcorper lectus quam feugiat volutpat pulvinar. Inceptos litora montes pulvinar in ultrices nisi velit lacus luctus sociosqu. Posuere dolor diam dictumst arcu sociosqu aptent congue maximus class sem feugiat. Aliquet curae porta rutrum conubia eu vestibulum montes. Mauris condimentum senectus rhoncus vitae tempus finibus ullamcorper diam. Vitae mi pretium id maecenas dui. Torquent pharetra ex mus imperdiet dui.\r\n\r\nOrnare molestie tempor ut montes ridiculus ac consectetuer nostra vehicula neque. Vehicula porta magna lectus efficitur faucibus purus ornare enim class. Sapien odio quam facilisi lobortis pretium arcu pellentesque at. Iaculis massa imperdiet diam ex sit. Natoque hac accumsan sodales leo tortor convallis nisl ultricies orci risus enim. Dignissim proin facilisi fringilla laoreet platea maecenas efficitur ultricies primis dictumst.\r\n\r\nFinibus mattis tempus placerat egestas letius. Nisi cursus aliquet posuere bibendum nullam luctus mollis suspendisse parturient venenatis diam. Nascetur luctus pede suspendisse congue dictumst. Nec praesent sociosqu facilisis consectetuer ridiculus eu et. Ante pharetra efficitur scelerisque augue tincidunt. Tellus accumsan odio ipsum potenti habitant porttitor nulla ridiculus nibh. Enim imperdiet non dolor lacinia id hac integer.",
        "full_form_name": "Direction de la Règlementation du Travail.Plateau, Immeuble Sebroko",
        "image": "images/directions/2023/02/28/BG-rsti.jpg",
        "modified_on": "2023-02-28 16:45:58.581837",
        "published_on": "2023-02-28 16:45:58.581837",
        "short_form_name": "D.R.T",
        "slug": "drt",
        "status": "published"
    },
    {
        "DirectionDetail_id": 5,
        "description": "Montes fermentum scelerisque aliquam lobortis cras arcu dolor morbi iaculis. Mattis suspendisse leo lacus nibh facilisis laoreet duis gravida purus elementum. Donec etiam accumsan consectetuer himenaeos ac. Vulputate tellus himenaeos orci condimentum rutrum donec fames aliquam. Lobortis id rutrum placerat pharetra fringilla proin. Rhoncus si bibendum maecenas aenean ac turpis nullam donec. Ornare in nulla hendrerit rutrum tortor vivamus quis donec lectus rhoncus.\r\n\r\nUt gravida vivamus posuere vehicula dapibus. Semper congue montes leo rhoncus turpis iaculis massa praesent. Arcu aptent elementum ligula rhoncus maecenas pulvinar purus odio sed. Rhoncus diam mollis dolor ex at accumsan inceptos cras. Sollicitudin tincidunt mollis condimentum ligula viverra enim quis. Laoreet sem faucibus venenatis lorem habitasse proin justo.\r\n\r\nEget conubia placerat elementum habitant neque dictumst nam. Ullamcorper lectus quam feugiat volutpat pulvinar. Inceptos litora montes pulvinar in ultrices nisi velit lacus luctus sociosqu. Posuere dolor diam dictumst arcu sociosqu aptent congue maximus class sem feugiat. Aliquet curae porta rutrum conubia eu vestibulum montes. Mauris condimentum senectus rhoncus vitae tempus finibus ullamcorper diam. Vitae mi pretium id maecenas dui. Torquent pharetra ex mus imperdiet dui.\r\n\r\nOrnare molestie tempor ut montes ridiculus ac consectetuer nostra vehicula neque. Vehicula porta magna lectus efficitur faucibus purus ornare enim class. Sapien odio quam facilisi lobortis pretium arcu pellentesque at. Iaculis massa imperdiet diam ex sit. Natoque hac accumsan sodales leo tortor convallis nisl ultricies orci risus enim. Dignissim proin facilisi fringilla laoreet platea maecenas efficitur ultricies primis dictumst.\r\n\r\nFinibus mattis tempus placerat egestas letius. Nisi cursus aliquet posuere bibendum nullam luctus mollis suspendisse parturient venenatis diam. Nascetur luctus pede suspendisse congue dictumst. Nec praesent sociosqu facilisis consectetuer ridiculus eu et. Ante pharetra efficitur scelerisque augue tincidunt. Tellus accumsan odio ipsum potenti habitant porttitor nulla ridiculus nibh. Enim imperdiet non dolor lacinia id hac integer.",
        "full_form_name": "Direction de l'Inspection du Travail.",
        "image": "images/directions/2023/02/28/BG-rsti_3nzBT9e.jpg",
        "modified_on": "2023-02-28 16:47:16.351479",
        "published_on": "2023-02-28 16:47:16.351479",
        "short_form_name": "D.I.T",
        "slug": "dit",
        "status": "published"
    },
    {
        "DirectionDetail_id": 6,
        "description": "Montes fermentum scelerisque aliquam lobortis cras arcu dolor morbi iaculis. Mattis suspendisse leo lacus nibh facilisis laoreet duis gravida purus elementum. Donec etiam accumsan consectetuer himenaeos ac. Vulputate tellus himenaeos orci condimentum rutrum donec fames aliquam. Lobortis id rutrum placerat pharetra fringilla proin. Rhoncus si bibendum maecenas aenean ac turpis nullam donec. Ornare in nulla hendrerit rutrum tortor vivamus quis donec lectus rhoncus.\r\n\r\nUt gravida vivamus posuere vehicula dapibus. Semper congue montes leo rhoncus turpis iaculis massa praesent. Arcu aptent elementum ligula rhoncus maecenas pulvinar purus odio sed. Rhoncus diam mollis dolor ex at accumsan inceptos cras. Sollicitudin tincidunt mollis condimentum ligula viverra enim quis. Laoreet sem faucibus venenatis lorem habitasse proin justo.\r\n\r\nEget conubia placerat elementum habitant neque dictumst nam. Ullamcorper lectus quam feugiat volutpat pulvinar. Inceptos litora montes pulvinar in ultrices nisi velit lacus luctus sociosqu. Posuere dolor diam dictumst arcu sociosqu aptent congue maximus class sem feugiat. Aliquet curae porta rutrum conubia eu vestibulum montes. Mauris condimentum senectus rhoncus vitae tempus finibus ullamcorper diam. Vitae mi pretium id maecenas dui. Torquent pharetra ex mus imperdiet dui.\r\n\r\nOrnare molestie tempor ut montes ridiculus ac consectetuer nostra vehicula neque. Vehicula porta magna lectus efficitur faucibus purus ornare enim class. Sapien odio quam facilisi lobortis pretium arcu pellentesque at. Iaculis massa imperdiet diam ex sit. Natoque hac accumsan sodales leo tortor convallis nisl ultricies orci risus enim. Dignissim proin facilisi fringilla laoreet platea maecenas efficitur ultricies primis dictumst.\r\n\r\nFinibus mattis tempus placerat egestas letius. Nisi cursus aliquet posuere bibendum nullam luctus mollis suspendisse parturient venenatis diam. Nascetur luctus pede suspendisse congue dictumst. Nec praesent sociosqu facilisis consectetuer ridiculus eu et. Ante pharetra efficitur scelerisque augue tincidunt. Tellus accumsan odio ipsum potenti habitant porttitor nulla ridiculus nibh. Enim imperdiet non dolor lacinia id hac integer.",
        "full_form_name": "Direction de la Lutte Contre le Travail des Enfants",
        "image": "images/directions/2023/02/28/BG-rsti_JrNCKZn.jpg",
        "modified_on": "2023-02-28 16:48:08.689765",
        "published_on": "2023-02-28 16:48:08.688765",
        "short_form_name": "D.L.T.E",
        "slug": "dlte",
        "status": "published"
    },
    {
        "DirectionDetail_id": 7,
        "description": "Montes fermentum scelerisque aliquam lobortis cras arcu dolor morbi iaculis. Mattis suspendisse leo lacus nibh facilisis laoreet duis gravida purus elementum. Donec etiam accumsan consectetuer himenaeos ac. Vulputate tellus himenaeos orci condimentum rutrum donec fames aliquam. Lobortis id rutrum placerat pharetra fringilla proin. Rhoncus si bibendum maecenas aenean ac turpis nullam donec. Ornare in nulla hendrerit rutrum tortor vivamus quis donec lectus rhoncus.\r\n\r\nUt gravida vivamus posuere vehicula dapibus. Semper congue montes leo rhoncus turpis iaculis massa praesent. Arcu aptent elementum ligula rhoncus maecenas pulvinar purus odio sed. Rhoncus diam mollis dolor ex at accumsan inceptos cras. Sollicitudin tincidunt mollis condimentum ligula viverra enim quis. Laoreet sem faucibus venenatis lorem habitasse proin justo.\r\n\r\nEget conubia placerat elementum habitant neque dictumst nam. Ullamcorper lectus quam feugiat volutpat pulvinar. Inceptos litora montes pulvinar in ultrices nisi velit lacus luctus sociosqu. Posuere dolor diam dictumst arcu sociosqu aptent congue maximus class sem feugiat. Aliquet curae porta rutrum conubia eu vestibulum montes. Mauris condimentum senectus rhoncus vitae tempus finibus ullamcorper diam. Vitae mi pretium id maecenas dui. Torquent pharetra ex mus imperdiet dui.\r\n\r\nOrnare molestie tempor ut montes ridiculus ac consectetuer nostra vehicula neque. Vehicula porta magna lectus efficitur faucibus purus ornare enim class. Sapien odio quam facilisi lobortis pretium arcu pellentesque at. Iaculis massa imperdiet diam ex sit. Natoque hac accumsan sodales leo tortor convallis nisl ultricies orci risus enim. Dignissim proin facilisi fringilla laoreet platea maecenas efficitur ultricies primis dictumst.\r\n\r\nFinibus mattis tempus placerat egestas letius. Nisi cursus aliquet posuere bibendum nullam luctus mollis suspendisse parturient venenatis diam. Nascetur luctus pede suspendisse congue dictumst. Nec praesent sociosqu facilisis consectetuer ridiculus eu et. Ante pharetra efficitur scelerisque augue tincidunt. Tellus accumsan odio ipsum potenti habitant porttitor nulla ridiculus nibh. Enim imperdiet non dolor lacinia id hac integer.",
        "full_form_name": "Direction de la Santé et de la Sécurité au Travail",
        "image": "images/directions/2023/02/28/BG-rsti_F5l5x2a.jpg",
        "modified_on": "2023-02-28 16:49:21.176256",
        "published_on": "2023-02-28 16:49:21.176256",
        "short_form_name": "D.S.S.T",
        "slug": "dsst",
        "status": "published"
    }
]