[
    {
        "id": 1,
        "modified_on": "2023-02-27 15:23:44.239989",
        "published_on": "2023-02-27 15:23:44.239989",
        "question": "QUESTION 1",
        "response": "Urna parturient etiam ex at nostra facilisi primis nullam. Luctus nibh est nascetur morbi fames maecenas nunc. Class dignissim nulla aliquam viverra rhoncus facilisis. Conubia lorem a tortor leo id hendrerit integer convallis tempus.\r\n\r\nMolestie magnis erat nisi lacus rutrum egestas dis cubilia netus luctus tincidunt. Interdum metus lacinia condimentum cursus habitant fames. Lacus justo eros semper placerat ante senectus torquent. Posuere condimentum vel nulla suscipit eleifend dolor hac pede eros. Leo placerat mus tellus ad himenaeos posuere morbi pretium.",
        "status": "published"
    },
    {
        "id": 2,
        "modified_on": "2023-02-27 15:24:12.976869",
        "published_on": "2023-02-27 15:24:12.976869",
        "question": "QUESTION 2",
        "response": "Urna parturient etiam ex at nostra facilisi primis nullam. Luctus nibh est nascetur morbi fames maecenas nunc. Class dignissim nulla aliquam viverra rhoncus facilisis. Conubia lorem a tortor leo id hendrerit integer convallis tempus.\r\n\r\nMolestie magnis erat nisi lacus rutrum egestas dis cubilia netus luctus tincidunt. Interdum metus lacinia condimentum cursus habitant fames. Lacus justo eros semper placerat ante senectus torquent. Posuere condimentum vel nulla suscipit eleifend dolor hac pede eros. Leo placerat mus tellus ad himenaeos posuere morbi pretium.",
        "status": "published"
    }
]