[
    {
        "description": "Felis consectetur ultrices cursus morbi feugiat. Mauris dictumst ultricies cubilia pharetra dui integer a placerat proin eros. Ac ultrices auctor ad porta nec. Cubilia urna hac feugiat nullam dis placerat dolor fames rutrum etiam. Augue sit maximus quam malesuada senectus praesent suscipit felis euismod a. Ullamcorper ridiculus pulvinar vel eros massa nascetur donec rutrum vulputate mi efficitur. Vitae tempus risus aliquam ligula aliquet posuere cubilia neque scelerisque himenaeos nisi.",
        "id": 1,
        "pdf": "PDF/organigramme/2023/02/27/ORGANIGRAME.pdf",
        "post_created_on": "2023-02-27 15:40:40.401254",
        "post_modified_on": "2023-02-27 15:40:40.401254",
        "post_published_on": "2023-02-27 15:40:25",
        "post_status": "published",
        "slug": "organigramme-du-meps",
        "title": "Organigramme du MEPS"
    }
]