[
    {
        "address": "Abidjan, Yopougon, entre le carrefour sable et le feu tricolore de Bel Air",
        "bp": "04 BP 2930 Abidjan 04",
        "email": "banny@gmail.com",
        "fax": "",
        "full_form_name": "Institut national Ivoirien pour la Promotion des Aveugles",
        "id": 1,
        "logo": "directions/logo_New1.jpg",
        "phone": "",
        "post_created_on": "2023-02-27 16:46:40.790428",
        "post_modified_on": "2023-02-27 16:48:11.336315",
        "post_published_on": "2023-02-27 16:45:31",
        "post_status": "published",
        "short_form_name": "INIPA",
        "slug": "institut-national-ivoirien-pour-la-promotion-des-aveugles",
        "tel": "20 25 74 00",
        "website": "https://inipa.webs.com"
    }
]